{
	"name": "logosDistort",
	"title": "jQuery Logos Perspective Distortion",
	"description": "A simple jQuery plugin that uses matrix3d to perform perspective distortions. Inspired by http://hellomonday.com/",
	"keywords": [
		"jquery",
		"matrix3d",
    "3d",
    "effects",
    "parallax",
    "perspective",
    "distortion",
		"plugins"
	],
	"version": "0.3.4",
	"author": {
		"name": "Mathew Kleppin",
		"email": "mathew.kleppin@gmail.com",
		"url": "https://github.com/hellsan631/"
	},
	"maintainers": [
		{
      "name": "Mathew Kleppin",
      "email": "mathew.kleppin@gmail.com",
      "url": "https://github.com/hellsan631/"
		}
	],
	"licenses": [
		{
			"type": "MIT",
			"url": "https://github.com/hellsan631/LogosDistort/blob/master/LICENSE"
		}
	],
	"dependencies": {
		"jquery": ">=1.4"
	}
}
